UCEAP/ Campus,Country,Program Title,Term,GPA,English-language instruction?,Sophomores?,UCEAP Program Type,Broad Field of Study,Internship: Required or Optional,Academic Year,Notes,
UCB,Argentina,"Global Internships: Buenos Aires, Argentina",Summer,2.00,Yes,Yes,n/a,n/a,Required,2024-25,Internship,
UCB,Canada,"Global Internships: Toronto, Canada - Engineering",Summer,2.00,Yes,Yes,n/a,n/a,Required,2024-25,Internship,
UCB,France,"Language, Literature and the Arts",Summer,2.00,Yes,Yes,n/a,n/a,No,2024-25,Summer Abroad,
UCB,Germany,"The Psychology of Identity, Love, and Relationships",Summer,2.00,Yes,Yes,n/a,n/a,No,2024-25,Summer Abroad,
UCB,Ghana,"Pan Afrikan Social Movements: Past, Present and Future",Summer,2.00,Yes,Yes,n/a,n/a,No,2024-25,Summer Abroad,
UCB,Greece,"Artmaking, Community, and Social Impact",Summer,2.00,Yes,Yes,n/a,n/a,Required,2024-25,Summer Abroad,
UCB,Greece,Mediterranean Nutrition and Food Systems,Summer,2.00,Yes,Yes,n/a,n/a,Required,2024-25,Summer Abroad,
UCB,Mexico,"Entre dos Mundos/Between Two Worlds | Nauatl and Spanish languages, cultures, and histories",Summer,,Yes,n/a,n/a,n/a,No,2024-25,Summer Abroad,
UCB,Philippines,Narratives of Tradition and Resistance,Summer,2.00,Yes,Yes,n/a,n/a,No,2024-25,Summer Abroad,
UCB,Portugal,Portugal: Global Entrepreneurship and Innovation in Europe,Summer,2.00,Yes,Yes,n/a,n/a,Required,2024-25,Summer Abroad,
UCB,Singapore,Global Internships: Singapore,Summer,2.00,Yes,Yes,n/a,n/a,Required,2024-25,Internship,
UCB,Spain,"Barcelona, Spain: The Other Side/El Otro Lado",Summer,2.00,Yes,Yes,n/a,n/a,No,2024-25,Summer Abroad,
UCB,Spain,"Global Internships: Barcelona, Spain",Summer,2.00,Yes,Yes,n/a,n/a,Required,2024-25,Internship,
UCB,Spain,Spanish Language and Culture,Summer,2.00,Yes,Yes,n/a,n/a,No,2024-25,Summer Abroad,
UCB,Sweden,"Global Internships: Stockholm, Sweden",Summer,2.00,Yes,Yes,n/a,n/a,Required,2024-25,Internship,
UCB,UK - England,"Global Internships: London, UK",Summer,2.00,Yes,Yes,n/a,n/a,Required,2024-25,Internship,
UCB,UK - England,London and Literary Imagination,Summer,2.00,Yes,Yes,n/a,n/a,Required,2024-25,Summer Abroad,
UCB,UK - England,"Muslims in the West: Immigration, Refugees and Islamophobia",Summer,2.00,Yes,Yes,n/a,n/a,No,2024-25,Summer Abroad,
UCD,Australia,Animal and Zoological Management Internships,Summer,,Yes,n/a,n/a,n/a,Yes,2024-25,Internship,
UCD,Australia,Sustainable Animal Production Down Under,Summer,,Yes,n/a,n/a,n/a,n/a,2024-25,Summer Abroad,
UCD,Austria,Vienna - Crossroads of Central Europe,Summer,,Yes,n/a,n/a,n/a,n/a,2024-25,Summer Abroad,
UCD,Belgium,Microbiology in Europe's Capital—Brussels,Summer,,Yes,n/a,n/a,n/a,No,2024-25,Summer Abroad,
UCD,Belize,Paradise Found - Sustainable Planning and Design,Summer,,Yes,n/a,n/a,n/a,Yes,2024-25,Summer Abroad,
UCD,Bhutan,GIS in the Land of the Thunder Dragon,Summer,,Yes,n/a,n/a,n/a,Yes,2024-25,Summer Abroad,
UCD,Bolivia,Pediatric Health Internships,Summer,,Yes,n/a,n/a,n/a,Yes,2024-25,Summer Abroad,
UCD,Chile,"Human Rights, Memory and Democracy",Summer,,Yes,n/a,n/a,n/a,Yes,2024-25,Summer Abroad,
UCD,Costa Rica,Education Internships,Summer,,Yes,n/a,n/a,n/a,Yes,2024-25,Internship,
UCD,Costa Rica,"Wildlife, Conservation, and Veterinary Medicine Internships",Summer,,Yes,n/a,n/a,n/a,Yes,2024-25,Internship,
UCD,France,Introduction to Winemaking,Summer,,Yes,n/a,n/a,n/a,n/a,2024-25,Summer Abroad,
UCD,Ghana,Pediatric Care and Reproductive Health Internships,Summer,,Yes,n/a,n/a,n/a,Yes,2024-25,Internship,
UCD,Greece,Writers in Greece,Summer,,Yes,n/a,n/a,n/a,n/a,2024-25,Summer Abroad,
UCD,Iceland,Thermodynamics in the Land of Fire and Ice,Summer,,Yes,n/a,n/a,n/a,n/a,2024-25,Summer Abroad,
UCD,Ireland,Bio Sci 2A on the Emerald Isle,Summer,,Yes,n/a,n/a,n/a,n/a,2024-25,Summer Abroad,
UCD,Italy,"Art, Culture, History in the Eternal City",Summer,,Yes,n/a,n/a,n/a,n/a,2024-25,Summer Abroad,
UCD,Italy,Immersive Artistry - Summer Sketching in Italy,Summer,,Yes,n/a,n/a,n/a,n/a,2024-25,Summer Abroad,
UCD,Italy,Science of the Mind,Summer,,Yes,n/a,n/a,n/a,n/a,2024-25,Summer Abroad,
UCD,Japan,Business and Communication Internships,Summer,,Yes,n/a,n/a,n/a,Yes,2024-25,Internship,
UCD,Japan,Deisgn in Japan,Summer,,Yes,n/a,n/a,n/a,Yes,2024-25,Summer Abroad,
UCD,Japan,Engineering and Computer Science Internships,Summer,,Yes,n/a,n/a,n/a,Yes,2024-25,Internship,
UCD,Japan,"Global Internships: Tokyo, Japan",Summer,,Yes,n/a,n/a,n/a,Yes,2024-25,Internship,
UCD,Japan,Life Sciences in Japan,Summer,,Yes,n/a,n/a,n/a,Yes,2024-25,Summer Abroad,
UCD,Mexico,Building Sustainable Water Treatment Systems,Summer,,Yes,n/a,n/a,n/a,Yes,2024-25,Summer Abroad,
UCD,Mexico,Latinx Health Internship in Oaxaca,Fall semester,,Yes,n/a,n/a,n/a,No,2024-25,Quarter Abroad,
UCD,Netherlands,Sustainable Urban Systems,Summer,,Yes,n/a,n/a,n/a,n/a,2024-25,Summer Abroad,
UCD,New Zealand,"Environment, Green Tech, and Sustainability Internships",Summer,,Yes,n/a,n/a,n/a,n/a,2024-25,Internship,
UCD,New Zealand,Psychology Internships,Summer,,Yes,n/a,n/a,n/a,n/a,2024-25,Internship,
UCD,Philippines,Remote Island Medicine Internships,Summer,,Yes,n/a,n/a,n/a,Yes,2024-25,Internship,
UCD,South Africa,Hospital Medicine and Health Disparities Internships,Summer,,Yes,n/a,n/a,n/a,Yes,2024-25,Summer Abroad,
UCD,Spain,Business and Communication Internships,Summer,,Yes,n/a,n/a,n/a,Yes,2024-25,Internship,
UCD,Spain,Engineering and Computer Science Internships,Summer,,Yes,n/a,n/a,n/a,n/a,2024-25,Internship,
UCD,Spain,"Environment, Green Tech, and Sustainability Internships",Summer,,Yes,n/a,n/a,n/a,n/a,2024-25,Internship,
UCD,Spain,History of Cancer,Summer,,Yes,n/a,n/a,n/a,n/a,2024-25,Summer Abroad,
UCD,Spain,Housing and Urbanism in Barcelona,Summer,,Yes,n/a,n/a,n/a,n/a,2024-25,Summer Abroad,
UCD,Spain,Psychology Internships,Summer,,Yes,n/a,n/a,n/a,n/a,2024-25,Internship,
UCD,Spain,Three Cultures of Medieval Spain,Summer,,Yes,n/a,n/a,n/a,n/a,2024-25,Summer Abroad,
UCD,"Switzerland, France",World Cinema and the European Film Festival,Summer,,Yes,n/a,n/a,n/a,n/a,2024-25,Summer Abroad,
UCD,Taiwan,Pharmaceutical Chemistry in Taiwan,Fall semester,,Yes,n/a,n/a,n/a,No,2024-25,Quarter Abroad,
UCD,Thailand,Education Internships,Summer,,Yes,n/a,n/a,n/a,Yes,2024-25,Internship,
UCD,Thailand,Microbiology Lab in the Kingdom of Smiles,Summer,,Yes,n/a,n/a,n/a,n/a,2024-25,Summer Abroad,
UCD,Thailand,"Wildlife, Conservation, and Veterinary Medicine Internships",Summer,,Yes,n/a,n/a,n/a,Yes,2024-25,Internship,
UCD,UK-England,Organic Chemistry in Nottingham,Summer,,Yes,n/a,n/a,n/a,n/a,2024-25,Summer Abroad,
UCD,UK-England,Oxford on Film,Summer,,Yes,n/a,n/a,n/a,n/a,2024-25,Summer Abroad,
UCD,UK-England,Political Science at the London School of Economics,Fall semester,,Yes,n/a,n/a,n/a,n/a,2024-25,Quarter Abroad,
UCD,UK-Scotland,In Search of Scotland,Summer,,Yes,n/a,n/a,n/a,n/a,2024-25,Summer Abroad,
UCD,"United Kingdom, Iceland",Design in Europe,Summer,,Yes,n/a,n/a,n/a,n/a,2024-25,Summer Abroad,
UCEAP,Argentina/Chile,Human Rights & Cultural Memory,Fall semester,2.50,Mixed,Yes,Themed,interdisciplinary,No,2024-25, ,
UCEAP,Australia,Australian National University,Fall semester,2.75,yes,Yes,Discipline Focused,social science,Required,2024-25,"name changed from ANU in 2019, changed back in 2023",
UCEAP,Australia,Australian National University,Spring semester,2.75,yes,Yes,Discipline Focused,social science,Required,2024-25,"name changed from ANU in 2019, changed back in 2023",
UCEAP,Australia,Marine Biology & Terrestrial Ecology - Univ. of Queensland,Fall semester,2.75,yes,Yes,Themed,life sciences,No,2024-25, ,
UCEAP,Australia,Marine Biology & Terrestrial Ecology - Univ. of Queensland,Spring semester,2.75,yes,Yes,Themed,life sciences,No,2024-25, ,
UCEAP,Australia,University of Melbourne,Fall semester,2.85,yes,Yes,Immersion,open,Optional,2024-25, ,
UCEAP,Australia,University of Melbourne,Spring semester,2.85,yes,Yes,Immersion,open,Optional,2024-25, ,
UCEAP,Australia,University of New South Wales,Fall quarter,2.85,yes,Yes,Immersion,open,No,2024-25,switched from semesters to quarters in 2018,
UCEAP,Australia,University of New South Wales,Winter + Spring quarters,2.85,yes,Yes,Immersion,open,No,2024-25,switched from semesters to quarters in 2018,
UCEAP,Australia,University of Queensland,Fall semester,2.85,yes,Yes,Immersion,open,No,2024-25, ,
UCEAP,Australia,University of Queensland,Spring semester,2.85,yes,Yes,Immersion,open,No,2024-25, ,
UCEAP,Australia,University of Sydney,Fall semester,2.80,yes,Yes,Immersion,open,Optional,2024-25, ,
UCEAP,Australia,University of Sydney,Spring semester,2.80,yes,Yes,Immersion,open,Optional,2024-25, ,
UCEAP,Barbados,University of the West Indies,Fall semester,2.75,yes,Yes,Immersion,open,Optional,2024-25, ,
UCEAP,Barbados,University of the West Indies,Spring semester,2.75,yes,Yes,Immersion,open,Optional,2024-25, ,
UCEAP,Barbados,University of the West Indies,Year,2.75,yes,Yes,Immersion,open,Optional,2024-25, ,
UCEAP,Belgium,Field Research and Internship - Brussels,Fall semester,3.00,No,No,Research,open,Required,2024-25, ,
UCEAP,Belgium,Field Research and Internship - Brussels,Spring semester,3.00,No,No,Research,open,Required,2024-25, ,
UCEAP,Botswana,"Community Public Health - University of Botswana, CIEE",Fall semester,2.75,yes,Yes,Themed,life sciences,Required,2024-25, ,
UCEAP,Brazil,Brazil Summer Seminar - PUC Rio,Summer,2.85,Mixed,Yes,International School,interdisciplinary,No,2024-25,took place of the summer intensive language program,
UCEAP,Brazil,PUC Rio,Fall semester,2.85,Mixed,Yes,Immersion,open,Optional,2024-25, ,
UCEAP,Brazil,PUC Rio,Spring semester,2.85,Mixed,Yes,Immersion,open,Optional,2024-25, ,
UCEAP,Brazil,PUC Rio,Year,2.85,Mixed,Yes,Immersion,open,Optional,2024-25, ,
UCEAP,Canada,McGill,Fall semester,3.00,yes,No,Immersion,open,No,2024-25, ,
UCEAP,Canada,McGill,Spring semester,3.00,yes,No,Immersion,open,No,2024-25, ,
UCEAP,Canada,McGill,Year,3.00,yes,No,Immersion,open,No,2024-25, ,
UCEAP,Canada,UBC,Fall semester,3.00,yes,No,Immersion,open,Optional,2024-25,We have not had a student do an internship in Canada.,
UCEAP,Canada,UBC,Spring semester,3.00,yes,No,Immersion,open,Optional,2024-25,We have not had a student do an internship in Canada.,
UCEAP,Canada,UBC,Year,3.00,yes,No,Immersion,open,Optional,2024-25,We have not had a student do an internship in Canada.,
UCEAP,Chile,Business and Economics in English - University of Chile,Fall semester,2.85,yes,No,Discipline Focused,social science,Optional,2024-25, ,
UCEAP,Chile,Business and Economics in English - University of Chile,Spring semester,2.85,yes,No,Discipline Focused,social science,Optional,2024-25, ,
UCEAP,Chile,Business and Economics in English - University of Chile,Year,2.85,yes,No,Discipline Focused,social science,Optional,2024-25, ,
UCEAP,Chile,PUC Chile,Fall semester,2.85,No,No,Immersion,open,No,2024-25, ,
UCEAP,Chile,PUC Chile,Spring semester,2.85,No,No,Immersion,open,No,2024-25, ,
UCEAP,Chile,PUC Chile,Year,2.85,No,No,Immersion,open,No,2024-25, ,
UCEAP,Chile,Socio-Ecological Sustainability in Southern Chile - University of Chile,Fall semester,2.85,yes,No,Themed,life sciences,No,2024-25, ,
UCEAP,Chile,University of Chile,Fall semester,2.85,No,No,Immersion,open,Optional,2024-25, ,
UCEAP,Chile,University of Chile,Spring semester,2.85,No,No,Immersion,open,Optional,2024-25, ,
UCEAP,Chile,University of Chile,Year,2.85,No,No,Immersion,open,Optional,2024-25, ,
UCEAP,China,Chinese in Beijing - Peking University,Fall semester,2.50,No,Yes,Language,humanities,No,2024-25, ,
UCEAP,China,Chinese in Beijing - Peking University,Summer,2.50,No,Yes,Language,humanities,No,2024-25,"was a L&C program at Beijing Normal, moved to PKU in summer 2017, named changed from Intensive Chinese in 2019",
UCEAP,China,Fudan University,Fall Semester,3.00,Mixed,No,Immersion,open,Optional,2024-25, ,
UCEAP,China,Fudan University,Spring Semester,3.00,Mixed,No,Immersion,open,Optional,2024-25, ,
UCEAP,China,Peking University,Spring Semester,3.00,No,Yes,Immersion,open,Optional,2024-25, ,
UCEAP,China,Peking University,Year,3.00,No,Yes,Immersion,open,Optional,2024-25, ,
UCEAP,China,Shanghai Summer - Fudan,Summer,2.85,yes,Yes,International School,open,No,2024-25, ,
UCEAP,China,Summer Global Internship - CIEE Shanghai,Summer,2.50,yes,Yes,Intern,open,Required,2024-25, ,
UCEAP,China,Tsinghua University,Spring Semester,3.00,Mixed,No,Immersion,open,Optional,2024-25, ,
UCEAP,Costa Rica,Tropical Biology & Conservation - Monteverde Institute,Fall quarter,2.50,yes,Yes,Themed,life sciences,No,2024-25, ,
UCEAP,Costa Rica,Tropical Biology & Conservation - Monteverde Institute,Fall semester,2.50,yes,Yes,Themed,life sciences,No,2024-25, ,
UCEAP,Costa Rica,Tropical Biology & Conservation - Monteverde Institute,Spring quarter,2.50,yes,Yes,Themed,life sciences,No,2024-25, ,
UCEAP,Costa Rica,Tropical Biology & Conservation - Monteverde Institute,Spring semester,2.50,yes,Yes,Themed,life sciences,No,2024-25, ,
UCEAP,Czech Republic,Central European Studies - CIEE Prague,Fall semester,2.50,yes,Yes,International School,interdisciplinary,Optional,2024-25, ,
UCEAP,Czech Republic,Central European Studies - CIEE Prague,Spring semester,2.50,yes,Yes,International School,interdisciplinary,Optional,2024-25, ,
UCEAP,Czech Republic,Central European Studies - CIEE Prague,Year,2.50,yes,Yes,International School,interdisciplinary,Optional,2024-25, ,
UCEAP,Czech Republic,Summer Internship - Prague,Summer,2.75,yes,No,Intern,open,Required,2024-25, ,
UCEAP,Denmark,Aarhus University,Fall semester,2.85,yes,No,Immersion,open,No,2024-25, ,
UCEAP,Denmark,Aarhus University,Spring semester,2.85,yes,No,Immersion,open,No,2024-25, ,
UCEAP,Denmark,Aarhus University,Year,2.85,yes,No,Immersion,open,No,2024-25, ,
UCEAP,Denmark,Copenhagen Business School,Summer,2.85,yes,Yes,Discipline Focused,social science,No,2024-25, ,
UCEAP,Denmark,University of Copenhagen,Fall semester,2.85,yes,No,Immersion,open,Optional,2024-25, ,
UCEAP,Denmark,University of Copenhagen,Spring semester,2.85,yes,No,Immersion,open,Optional,2024-25, ,
UCEAP,Denmark,University of Copenhagen,Year,2.85,yes,No,Immersion,open,Optional,2024-25, ,
UCEAP,Dominican Republic,Community Public Health - CIEE,Summer,2.50,No,No,Themed,life sciences,No,2024-25, ,
UCEAP,Egypt,American University in Cairo,Fall semester,2.00,yes,Yes,Immersion,open,No,2024-25, ,
UCEAP,Egypt,American University in Cairo,Spring semester,2.00,yes,Yes,Immersion,open,No,2024-25, ,
UCEAP,Egypt,American University in Cairo,Year,2.00,yes,Yes,Immersion,open,No,2024-25, ,
UCEAP,France,Field Research and Internship - Paris,Fall semester,3.00,No,No,Research,open,Required,2024-25, ,
UCEAP,France,Field Research and Internship - Paris,Spring semester,3.00,No,No,Research,open,Required,2024-25, ,
UCEAP,France,Field Research and Internship - Strasburg,Fall semester,3.00,No,No,Research,open,Required,2024-25, ,
UCEAP,France,Field Research and Internship - Strasburg,Spring semester,3.00,No,No,Research,open,Required,2024-25, ,
UCEAP,France,"Food, History, and Culture in Paris - UC Center Paris",Fall semester,2.00,Mixed,Yes,Themed,interdisciplinary,No,2024-25,formerly French & European Studies,
UCEAP,France,French in Bordeaux - University of Bordeaux,Fall semester,2.50,No,Yes,Language,humanities,No,2024-25,name changed from L&C in 2019,
UCEAP,France,French in Bordeaux - University of Bordeaux,spring semester,2.50,No,Yes,Language,humanities,No,2024-25,name changed from L&C in 2019,
UCEAP,France,French in Paris - UC Center Paris,Fall semester,2.00,Mixed,Yes,Language,humanities,No,2024-25,name changed from L&C in 2019,
UCEAP,France,French in Paris - UC Center Paris (intensive),Summer,2.00,Mixed,Yes,Language,humanities,No,2024-25,name changed from L&C in 2019,
UCEAP,France,French in Paris - UC Center Paris (semi-intensive),Summer,2.00,Mixed,Yes,Language,humanities,No,2024-25,name changed from L&C in 2019,
UCEAP,France,Sciences Po - Political Science -  Paris,Fall semester,3.00,Mixed,No,Discipline Focused,social science,No,2024-25, ,
UCEAP,France,Sciences Po - Political Science -  Paris,Spring semester,3.00,Mixed,No,Discipline Focused,social science,No,2024-25, ,
UCEAP,France,Sciences Po - Political Science -  Paris,Year,3.00,Mixed,No,Discipline Focused,social science,No,2024-25, ,
UCEAP,France,Social Justice and Activism - UC Center Paris,Spring semester,2.50,yes,Yes,Themed,interdisciplinary,No,2024-25, ,
UCEAP,France,Social Justice and Activism - UC Center Paris,Winter quarter,2.50,yes,Yes,Themed,interdisciplinary,No,2024-25, ,
UCEAP,France,University of Bordeaux,Fall semester,2.75,Mixed,No,Immersion,open,Optional,2024-25,name changed from Coursework in French in 2019,
UCEAP,France,University of Bordeaux,Spring semester,2.75,Mixed,No,Immersion,open,Optional,2024-25,name changed from Coursework in French in 2019,
UCEAP,France,University of Bordeaux,Year,2.75,Mixed,No,Immersion,open,Optional,2024-25,name changed from Coursework in French in 2019,
UCEAP,France,University of Lyon,Fall semester,2.75,No,No,Immersion,open,Optional,2024-25, ,
UCEAP,France,University of Lyon,Spring semester,2.75,No,No,Immersion,open,Optional,2024-25, ,
UCEAP,France,University of Lyon,Year,2.75,No,No,Immersion,open,Optional,2024-25, ,
UCEAP,Germany,Berlin Experience,Fall quarter,2.50,yes,Yes,International School,open,No,2024-25, ,
UCEAP,Germany,Berlin Experience,Fall semester,2.50,yes,Yes,International School,open,No,2024-25, ,
UCEAP,Germany,Berlin Experience,Spring quarter,2.50,yes,Yes,International School,open,No,2024-25, ,
UCEAP,Germany,Berlin Experience,Winter quarter,2.50,yes,Yes,International School,open,No,2024-25, ,
UCEAP,Germany,Berlin Summer - Free University Berlin,Summer,2.75,Mixed,Yes,International School,interdisciplinary,No,2024-25,name changed from ISS in 2019,
UCEAP,Germany,European Studies - Free University (BEST),Fall semester,2.85,Mixed,Yes,International School,interdisciplinary,No,2024-25, ,
UCEAP,Germany,European Studies - Free University (BEST),Spring semester,2.85,Mixed,Yes,International School,interdisciplinary,No,2024-25, ,
UCEAP,Germany,Free University Berlin,Fall semester,2.85,No,No,Immersion,open,Optional,2024-25, ,
UCEAP,Germany,Free University Berlin,Spring semester,2.85,No,No,Immersion,open,Optional,2024-25, ,
UCEAP,Germany,Free University Berlin,Year,2.85,No,No,Immersion,open,Optional,2024-25, ,
UCEAP,Germany,Humboldt University Berlin,Fall semester,2.85,No,No,Immersion,open,Optional,2024-25, ,
UCEAP,Germany,Humboldt University Berlin,Spring semester,2.85,No,No,Immersion,open,Optional,2024-25, ,
UCEAP,Germany,Humboldt University Berlin,Year,2.85,No,No,Immersion,open,Optional,2024-25, ,
UCEAP,Germany,International Summer School - Technical University,Summer,2.75,Mixed,Yes,International School,physical science,No,2024-25, ,
UCEAP,Germany,Summer Global Internship - CIEE Berlin,Summer,2.50,yes,Yes,Intern,open,Required,2024-25, ,
UCEAP,Germany,Technical University Berlin,Fall semester,2.85,No,No,Immersion,open,Optional,2024-25, ,
UCEAP,Germany,Technical University Berlin,Spring semester,2.85,No,No,Immersion,open,Optional,2024-25, ,
UCEAP,Germany,Technical University Berlin,Year,2.85,No,No,Immersion,open,Optional,2024-25, ,
UCEAP,Ghana,"Community-Based Health, Food Security, and Development",Summer,2.50,yes,Yes,Themed,social science,No,2024-25,"was called University of Ghana summer until October 2018, name changed from Community Health and Sustainability in 2019",
UCEAP,Ghana,University of Ghana,Fall semester,2.85,yes,Yes,Immersion,open,Optional,2024-25,Grade comes from partner if UoG faculty oversees project,
UCEAP,Ghana,University of Ghana,Spring semester,2.85,yes,Yes,Immersion,open,Optional,2024-25,Grade comes from partner if UoG faculty oversees project,
UCEAP,Ghana,University of Ghana,Year,2.85,yes,Yes,Immersion,open,Optional,2024-25,Grade comes from partner if UoG faculty oversees project,
UCEAP,Hong Kong,CUHK,Fall semester,3.00,Mixed,Yes,Immersion,open,No,2024-25, ,
UCEAP,Hong Kong,CUHK,Spring semester,3.00,Mixed,Yes,Immersion,open,No,2024-25, ,
UCEAP,Hong Kong,CUHK,Year,3.00,Mixed,Yes,Immersion,open,No,2024-25, ,
UCEAP,Hong Kong,HKU,Fall semester,3.00,yes,Yes,Immersion,open,No,2024-25, ,
UCEAP,Hong Kong,HKU,Spring semester,3.00,yes,Yes,Immersion,open,No,2024-25, ,
UCEAP,Hong Kong,HKU,Year,3.00,yes,Yes,Immersion,open,No,2024-25, ,
UCEAP,Hong Kong,HKUST,Fall semester,3.00,yes,No,Immersion,open,No,2024-25, ,
UCEAP,Hong Kong,HKUST,Year,3.00,yes,No,Immersion,open,No,2024-25, ,
UCEAP,Hong Kong,Hong Kong Summer - CUHK,Summer,2.50,yes,Yes,International School,open,No,2024-25,name changed from ISS in 2019,
UCEAP,Hong Kong,Undergraduate Research - CUHK,Summer,2.85,yes,No,Research,open,No,2024-25, ,
UCEAP,Iceland,University of Iceland,Fall semester,2.85,Mixed,No,Immersion,open,No,2024-25, ,
UCEAP,Iceland,University of Iceland,Spring semester,2.85,Mixed,No,Immersion,open,No,2024-25, ,
UCEAP,Iceland,University of Iceland,Year,2.85,Mixed,No,Immersion,open,No,2024-25, ,
UCEAP,India,New Delhi Summer - New Delhi,Summer,2.50,yes,Yes,International School,interdisciplinary,No,2024-25,name changed from ISS in 2019,
UCEAP,Ireland,Dublin Summer Physics - University College Dublin,Summer,2.50,yes,Yes,Themed,physical science,No,2024-25, ,
UCEAP,Ireland,Irish Parlament Internship,Fall semester,3.00,yes,No,Intern,social science,Required,2024-25, ,
UCEAP,Ireland,Irish Parlament Internship,Spring semester,3.00,yes,No,Intern,social science,Required,2024-25, ,
UCEAP,Ireland,"National University of Ireland, Galway",Fall semester,3.00,yes,No,Immersion,open,No,2024-25, ,
UCEAP,Ireland,"National University of Ireland, Galway",Spring semester,3.00,yes,No,Immersion,open,No,2024-25, ,
UCEAP,Ireland,"National University of Ireland, Galway",Year,3.00,yes,No,Immersion,open,No,2024-25, ,
UCEAP,Ireland,Trinity College Dublin,Fall semester,3.10,yes,No,Immersion,open,No,2024-25, ,
UCEAP,Ireland,Trinity College Dublin,Spring semester,3.10,yes,No,Immersion,open,No,2024-25, ,
UCEAP,Ireland,Trinity College Dublin,Year,3.10,yes,No,Immersion,open,No,2024-25, ,
UCEAP,Ireland,Univeristy College Dublin,Fall semester,3.00,yes,Yes,Immersion,open,No,2024-25, ,
UCEAP,Ireland,Univeristy College Dublin,Spring semester,3.00,yes,Yes,Immersion,open,No,2024-25, ,
UCEAP,Ireland,Univeristy College Dublin,Year,3.00,yes,Yes,Immersion,open,No,2024-25, ,
UCEAP,Ireland,University College Cork,Fall semester,3.00,yes,Yes,Immersion,open,No,2024-25, ,
UCEAP,Ireland,University College Cork,Spring semester,3.00,yes,Yes,Immersion,open,No,2024-25, ,
UCEAP,Ireland,University College Cork,Year,3.00,yes,Yes,Immersion,open,No,2024-25, ,
UCEAP,Israel,Hebrew University of Jerusalem,Fall semester,2.85,Mixed,Yes,Immersion,open,Optional,2024-25,named changed from HUJ in 2019,
UCEAP,Israel,Hebrew University of Jerusalem,Spring semester,2.85,Mixed,Yes,Immersion,open,Optional,2024-25,named changed from HUJ in 2019,
UCEAP,Israel,Hebrew University of Jerusalem,Year,2.85,Mixed,Yes,Immersion,open,Optional,2024-25,named changed from HUJ in 2019,
UCEAP,Israel,"Israel Institute of Technology, Technion/Neubauer (internship + courses, course + internship)",Year,3.00,yes,No,Intern,engineering,Required,2024-25, ,
UCEAP,Israel,Summer at Hebrew University of Jerusalem,Summer,2.85,yes,Yes,Themed,interdisciplinary,No,2024-25,"named changed from HUJ in 2019, changed again in 2023",
UCEAP,Italy,"Art, Food and Society - UC Center Rome",Spring semester,2.00,Mixed,Yes,Themed,interdisciplinary,Optional,2024-25,"Internships are not available for academic credit, they are value added experience only",
UCEAP,Italy,"Art, Food and Society - UC Center Rome",Winter quarter,2.00,Mixed,Yes,Themed,interdisciplinary,No,2024-25, ,
UCEAP,Italy,Communication Studies in Rome,Fall semester,2.00,yes,Yes,Themed,social science,No,2024-25,Formerly All Roads Lead to Rome,
UCEAP,Italy,Crossroads of Culture in the Mediterranean,Summer,2.50,yes,Yes,Themed,interdisciplinary,No,2024-25, ,
UCEAP,Italy,Italian in Florence,Fall semester,2.00,Mixed,Yes,Language,humanities,No,2024-25,separated from Made in Rome in 2019,
UCEAP,Italy,Italian in Florence,Summer,2.00,Mixed,Yes,Language,humanities,No,2024-25,separated from Made in Rome in 2019,
UCEAP,Italy,"Made in Italy, Rome",Spring quarter,2.00,Mixed,Yes,Themed,interdisciplinary,Optional,2024-25, ,
UCEAP,Italy,"Made in Italy, Rome",Summer,2.00,Mixed,Yes,Themed,interdisciplinary,Optional,2024-25,cloned florence summer,
UCEAP,Italy,"Made in Italy: Language, Culture, Food and Business -UC Center Florence",Fall semester,2.00,Mixed,Yes,Themed,interdisciplinary,Optional,2024-25,"new elective courses, program title, was Florence L&C",
UCEAP,Italy,"Made in Italy: Language, Culture, Food and Business -UC Center Florence",Spring semester,2.00,Mixed,Yes,Themed,interdisciplinary,Optional,2024-25,"new elective courses, program title, was Florence L&C",
UCEAP,Italy,"Made in Italy: Language, Culture, Food and Business -UC Center Florence",Summer,2.00,Mixed,Yes,Themed,interdisciplinary,Optional,2024-25,"new elective courses, program title, was Florence L&C",
UCEAP,Italy,"Made in Italy: Language, Culture, Food and Business -UC Center Florence",Winter quarter,2.00,Mixed,Yes,Themed,interdisciplinary,Optional,2024-25,"new elective courses, program title, was Florence L&C",
UCEAP,Italy,"Psychology and Cognitive Science, University of Padova",Spring semester,3.00,Mixed,No,Discipline Focused,social science,No,2024-25, ,
UCEAP,Italy,"Psychology and Cognitive Science, University of Padova",Year,3.00,Mixed,No,Discipline Focused,social science,No,2024-25, ,
UCEAP,Italy,Sociology in Rome,Fall semester,2.00,yes,Yes,Themed,social science,No,2024-25,Formerly All Roads Lead to Rome,
UCEAP,Italy,University of Bologna,Fall semester,2.75,No,No,Immersion,open,Optional,2024-25, ,
UCEAP,Italy,University of Bologna,Spring semester,2.75,No,No,Immersion,open,Optional,2024-25, ,
UCEAP,Italy,University of Bologna,Year,2.75,No,No,Immersion,open,Optional,2024-25, ,
UCEAP,Italy,University of Commerce Luigi Bocconi,Fall semester,3.20,Mixed,No,Discipline Focused,social science,No,2024-25,We have removed information regarding internships from the UCEAP Bocconi page. We will not advise on internships or provide credit.,
UCEAP,Italy,University of Commerce Luigi Bocconi,Spring semester,3.20,Mixed,No,Discipline Focused,social science,No,2024-25,We have removed information regarding internships from the UCEAP Bocconi page. We will not advise on internships or provide credit.,
UCEAP,Italy,University of Commerce Luigi Bocconi,Year,3.20,Mixed,No,Discipline Focused,social science,No,2024-25,We have removed information regarding internships from the UCEAP Bocconi page. We will not advise on internships or provide credit.,
UCEAP,Italy,"Volcanology Studies, Sicily",Summer,2.50,yes,No,Discipline Focused,physical science,No,2024-25,name changed 2023,
UCEAP,Japan,Engineering & Science - Tohoku University,Spring semester,2.85,Mixed,No,Discipline Focused,STEM,No,2024-25, ,
UCEAP,Japan,Engineering & Science - Tohoku University,Year,2.85,Mixed,No,Discipline Focused,STEM,No,2024-25, ,
UCEAP,Japan,"Global Studies, Japan - Meiji Gakuin University",Fall semester,3.00,yes,Yes,Discipline Focused,social science,Optional,2024-25,"""International"" dropped from the name in 2019",
UCEAP,Japan,"Global Studies, Japan - Meiji Gakuin University",Spring Semester,3.00,yes,Yes,Discipline Focused,social science,Optional,2024-25,"""International"" dropped from the name in 2019",
UCEAP,Japan,Hitotsubashi University,Spring semester,2.85,Mixed,Yes,Immersion,open,Optional,2024-25, ,
UCEAP,Japan,International Christian University,Fall quarter,3.00,Mixed,Yes,Immersion,open,Optional,2024-25, ,
UCEAP,Japan,International Christian University,Spring quarter,3.00,Mixed,Yes,Immersion,open,Optional,2024-25, ,
UCEAP,Japan,International Christian University,Year,3.00,Mixed,Yes,Immersion,open,Optional,2024-25, ,
UCEAP,Japan,Japanese in Kyoto - Doshisha University,Spring Semester,2.50,No,Yes,Language,humanities,No,2024-25,name changed from L&C in 2019,
UCEAP,Japan,Japanese in Osaka - Osaka University,Summer,2.85,No,Yes,Language,humanities,No,2024-25,name changed from Beginning Japanese in 2019,
UCEAP,Japan,Japanese in Toyko - International Christian University,Summer,3.00,No,Yes,Language,humanities,No,2024-25,name changed from L&C in 2019,
UCEAP,Japan,Keio University,Spring semester,3.00,Mixed,Yes,Immersion,open,Optional,2024-25, ,
UCEAP,Japan,Keio University,Year,3.00,Mixed,Yes,Immersion,open,Optional,2024-25, ,
UCEAP,Japan,STEM Research Tokyo - University of Tokyo,Summer,3.30,yes,No,Research,STEM,No,2024-25,"name changed from Summer Research Lab, Science in 2019, combined with engineering option",
UCEAP,Japan,"STEM Research, Osaka University",Fall semester,3.00,Mixed,No,Research,STEM,No,2024-25,"name changed from Lab Research, Engineering & Science in 2019",
UCEAP,Japan,"STEM Research, Osaka University",Spring semester,3.00,Mixed,No,Research,STEM,No,2024-25,"name changed from Lab Research, Engineering & Science in 2019",
UCEAP,Japan,"STEM Research, Osaka University",Summer,3.00,yes,No,Research,STEM,No,2024-25,"name changed from Lab Research, Engineering & Science in 2019",
UCEAP,Japan,Waseda University,Year,3.00,Mixed,Yes,Immersion,open,Optional,2024-25, ,
UCEAP,Jordan,Advanced Arabic Language - CIEE,Fall semester,3.00,No,Yes,Language,humanities,No,2024-25, ,
UCEAP,Jordan,Advanced Arabic Language - CIEE,Spring semester,3.00,No,Yes,Language,humanities,No,2024-25, ,
UCEAP,Jordan,Middle East Studies - CIEE,Fall semester,2.50,Mixed,Yes,Language,humanities,Optional,2024-25,"replaced Lang and Culture, Diplomacy programs",
UCEAP,Jordan,Middle East Studies - CIEE,Spring semester,2.50,Mixed,Yes,Language,humanities,Optional,2024-25,"replaced Lang and Culture, Diplomacy programs",
UCEAP,Korea,KAIST,Fall semester,2.85,Mixed,Yes,Immersion,open,No,2024-25, ,
UCEAP,Korea,KAIST,Year,2.85,Mixed,Yes,Immersion,open,No,2024-25, ,
UCEAP,Korea,Korea University,Fall semester,2.50,Mixed,Yes,Immersion,open,No,2024-25, ,
UCEAP,Korea,Korea University,spring semester,2.50,Mixed,Yes,Immersion,open,No,2024-25, ,
UCEAP,Korea,Korea University,Year,2.50,Mixed,Yes,Immersion,open,No,2024-25, ,
UCEAP,Korea,Seoul National University,Fall semester,2.85,Mixed,Yes,Immersion,open,No,2024-25, ,
UCEAP,Korea,Seoul National University,Spring semester,2.85,Mixed,Yes,Immersion,open,No,2024-25, ,
UCEAP,Korea,Seoul Summer - Yonsei University,Summer,2.00,Mixed,Yes,International School,open,Optional,2024-25,name changed from ISS in 2019,
UCEAP,Korea,Yonsei University,Fall semester,2.85,Mixed,Yes,Immersion,open,Optional,2024-25, ,
UCEAP,Korea,Yonsei University,Spring semester,2.85,Mixed,Yes,Immersion,open,Optional,2024-25, ,
UCEAP,Korea,Yonsei University,Year,2.85,Mixed,Yes,Immersion,open,Optional,2024-25, ,
UCEAP,Mexico,Community Health in Mexico,Summer,2.50,Mixed,Yes,Themed,life sciences,No,2024-25,changed from spring to summer starting in 2019,
UCEAP,Mexico,Contemporary Mexico - UC Center Mexico City,Summer,2.50,Mixed,Yes,Themed,interdisciplinary,No,2024-25, ,
UCEAP,Mexico,Field Research in Mexico - UC Center Mexico City,Fall semester,2.50,No,No,Research,open,No,2024-25, ,
UCEAP,Mexico,Leadership in Social Justice and Public Policy - UNAM and UCCS,Year,3.00,Mixed,No,Intern,social science,Required,2024-25, ,
UCEAP,Mexico,UNAM,Fall semester,2.75,No,Yes,Immersion,open,Optional,2024-25, ,
UCEAP,Mexico,UNAM,Spring semester,2.75,No,Yes,Immersion,open,Optional,2024-25, ,
UCEAP,Mexico,UNAM,Year,2.75,No,Yes,Immersion,open,Optional,2024-25, ,
UCEAP,Morocco,Arabic Language and Culture- CIEE,Fall semester,2.50,Mixed,Yes,Language,humanities,No,2024-25, ,
UCEAP,Netherlands,Biological and Life Sciences - Maastricht University,Fall semester,3.00,yes,No,Discipline Focused,life sciences,No,2024-25, ,
UCEAP,Netherlands,Business & Economics - Maastricht University,Fall semester,3.00,yes,No,Discipline Focused,social science,No,2024-25, ,
UCEAP,Netherlands,Business & Economics - Maastricht University,Spring semester,3.00,yes,No,Discipline Focused,social science,No,2024-25, ,
UCEAP,Netherlands,Business & Economics - Maastricht University,Year,3.00,yes,No,Discipline Focused,social science,No,2024-25, ,
UCEAP,Netherlands,Maastricht Summer - Maastricht University,Summer,3.00,yes,No,International School,interdisciplinary,No,2024-25,name changed from ISS in 2019,
UCEAP,Netherlands,Psychology & Neuroscience - Maastricht University,Fall semester,3.00,yes,No,Discipline Focused,life sciences,No,2024-25, ,
UCEAP,Netherlands,Psychology & Neuroscience - Maastricht University,Spring quarter,3.00,yes,No,Discipline Focused,life sciences,No,2024-25, ,
UCEAP,Netherlands,University College Maastricht,Fall semester,2.85,yes,No,Immersion,open,No,2024-25, ,
UCEAP,Netherlands,University College Maastricht,Spring semester,2.85,yes,No,Immersion,open,No,2024-25, ,
UCEAP,Netherlands,University College Maastricht,Year,2.85,yes,No,Immersion,open,No,2024-25, ,
UCEAP,Netherlands,University College Utrecht,Fall semester,3.00,yes,Yes,Immersion,open,No,2024-25, ,
UCEAP,Netherlands,University College Utrecht,Spring semester,3.00,yes,Yes,Immersion,open,No,2024-25, ,
UCEAP,Netherlands,University College Utrecht,Year,3.00,yes,Yes,Immersion,open,No,2024-25, ,
UCEAP,Netherlands,Utrecht University,Fall semester,2.85,yes,No,Immersion,open,No,2024-25, ,
UCEAP,Netherlands,Utrecht University,Spring semester,2.85,yes,No,Immersion,open,No,2024-25, ,
UCEAP,Netherlands,Utrecht University,Year,2.85,yes,No,Immersion,open,No,2024-25, ,
UCEAP,Netherlands,Wageningen University,Fall semester,3.00,yes,No,Discipline Focused,life sciences,No,2024-25, ,
UCEAP,Netherlands,Wageningen University,year,3.00,yes,No,Discipline Focused,life sciences,No,2024-25, ,
UCEAP,New Zealand,Massey University,Fall semester,2.75,yes,Yes,Immersion,open,No,2024-25,Palmerson North campus canceled,
UCEAP,New Zealand,Massey University,Spring semester,2.75,yes,Yes,Immersion,open,No,2024-25,Palmerson North campus canceled,
UCEAP,New Zealand,University of Auckland,Fall semester,2.85,yes,No,Immersion,open,No,2024-25, ,
UCEAP,New Zealand,University of Auckland,Spring semester,2.85,yes,No,Immersion,open,No,2024-25, ,
UCEAP,New Zealand,University of Canterbury,Fall semester,2.75,yes,Yes,Immersion,open,Optional,2024-25, ,
UCEAP,New Zealand,University of Canterbury,Spring semester,2.75,yes,Yes,Immersion,open,Optional,2024-25, ,
UCEAP,New Zealand,University of Otago,Fall semester,2.85,yes,No,Immersion,open,No,2024-25, ,
UCEAP,New Zealand,University of Waikato,Fall semester,2.75,yes,No,Immersion,open,Optional,2024-25, ,
UCEAP,New Zealand,University of Waikato,Spring semester,2.75,yes,No,Immersion,open,Optional,2024-25, ,
UCEAP,New Zealand,Victoria University of Wellington,Fall semester,2.75,yes,No,Immersion,open,No,2024-25, ,
UCEAP,New Zealand,Victoria University of Wellington,Spring semester,2.75,yes,No,Immersion,open,No,2024-25, ,
UCEAP,Norway,Oslo Summer - University of Oslo,Summer,2.85,yes,Yes,Discipline Focused,interdisciplinary,No,2024-25,name changed from ISS in 2019,
UCEAP,Norway,University of Oslo,Fall semester,2.75,yes,Yes,Immersion,open,No,2024-25, ,
UCEAP,Norway,University of Oslo,Spring semester,2.75,yes,Yes,Immersion,open,No,2024-25, ,
UCEAP,Norway,University of Oslo,Year,2.75,yes,Yes,Immersion,open,No,2024-25, ,
UCEAP,Russia,Russian Area Studies - CIEE St. Petersburg,Fall semester,2.50,Mixed,Yes,Discipline Focused,interdisciplinary,No,2024-25, ,
UCEAP,Russia,Russian Area Studies - CIEE St. Petersburg,Spring semester,2.50,Mixed,Yes,Discipline Focused,interdisciplinary,No,2024-25, ,
UCEAP,Russia,Russian Language - CIEE St. Petersburg,Fall semester,2.50,No,Yes,Language,humanities,No,2024-25, ,
UCEAP,Russia,Russian Language - CIEE St. Petersburg,Spring semester,2.50,No,Yes,Language,humanities,No,2024-25, ,
UCEAP,Russia,Russian Language - CIEE St. Petersburg,Summer,2.50,No,Yes,Language,humanities,No,2024-25, ,
UCEAP,Russia,Russian Language - CIEE St. Petersburg,Year,2.50,No,Yes,Language,humanities,No,2024-25, ,
UCEAP,Scotland,Glasgow Summer Physics - University of Glasgow,Summer,2.90,yes,Yes,Themed,physical science,No,2024-25,name changed from Science Summer School in 2019,
UCEAP,Scotland,Intern Scotland,Fall semester,3.00,yes,No,Intern,social science,Required,2024-25, ,
UCEAP,Scotland,Intern Scotland,Spring semester,3.00,yes,No,Intern,social science,Required,2024-25, ,
UCEAP,Scotland,Summer Research in Glasgow,Summer,3.00,yes,No,Research,open,No,2024-25, ,
UCEAP,Scotland,University of Edinburgh,Fall semester,3.00,yes,Yes,Immersion,open,Optional,2024-25, ,
UCEAP,Scotland,University of Edinburgh,Spring semester,3.00,yes,Yes,Immersion,open,Optional,2024-25, ,
UCEAP,Scotland,University of Edinburgh,Year,3.00,yes,Yes,Immersion,open,Optional,2024-25, ,
UCEAP,Scotland,University of Glasgow,Fall semester,3.00,yes,Yes,Immersion,open,No,2024-25, ,
UCEAP,Scotland,University of Glasgow,Spring semester,3.00,yes,Yes,Immersion,open,No,2024-25, ,
UCEAP,Scotland,University of Glasgow,Year,3.00,yes,Yes,Immersion,open,No,2024-25, ,
UCEAP,Scotland,University of St. Andrews,Fall semester,3.00,yes,Yes,Immersion,open,No,2024-25, ,
UCEAP,Scotland,University of St. Andrews,Spring semester,3.00,yes,Yes,Immersion,open,No,2024-25, ,
UCEAP,Scotland,University of St. Andrews,Year,3.00,yes,Yes,Immersion,open,No,2024-25, ,
UCEAP,Singapore,Biodiversity - National University of Singapore,Summer,2.85,yes,Yes,Themed,life sciences,No,2024-25, ,
UCEAP,Singapore,Nanyang Technical University,Fall semester,2.85,yes,Yes,Immersion,open,No,2024-25, ,
UCEAP,Singapore,Nanyang Technical University,Spring semester,2.85,yes,Yes,Immersion,open,No,2024-25, ,
UCEAP,Singapore,Nanyang Technical University,Year,2.85,yes,Yes,Immersion,open,No,2024-25, ,
UCEAP,Singapore,National University of Singapore,Fall semester,2.85,yes,Yes,Immersion,open,No,2024-25, ,
UCEAP,Singapore,National University of Singapore,Spring semester,2.85,yes,Yes,Immersion,open,No,2024-25, ,
UCEAP,Singapore,National University of Singapore,Year,2.85,yes,Yes,Immersion,open,No,2024-25, ,
UCEAP,Singapore,Singapore University of Technology and Design,Spring semester,2.85,yes,Yes,Immersion,engineering,No,2024-25, ,
UCEAP,Singapore,Summer Global Internship - CIEE Singapore,Summer,2.50,yes,Yes,Intern,open,Required,2024-25, ,
UCEAP,Singapore,Summer STEM Research - Singapore University of Technology and Design,Summer,2.85,yes,Yes,Research,STEM,No,2024-25, ,
UCEAP,South Africa,Summer Global Internship - CIEE Cape Town,Summer,2.50,yes,Yes,Intern,open,Required,2024-25, ,
UCEAP,South Africa,University of Cape Town,Fall semester,3.00,yes,No,Immersion,open,No,2024-25, ,
UCEAP,South Africa,University of Cape Town,Spring semester,3.00,yes,No,Immersion,open,No,2024-25, ,
UCEAP,Spain,21st Century Barcelona - Pompeu Fabra,Summer,3.00,Mixed,Yes,International School,interdisciplinary,No,2024-25,name changed from ISS in 2019,
UCEAP,Spain,Barcelona Summer - University of Barcelona,Summer,2.50,yes,Yes,International School,social science,No,2024-25, ,
UCEAP,Spain,Beyond Barcelona,Summer,2.75,yes,Yes,International School,open,No,2024-25, ,
UCEAP,Spain,Carlos III University of Madrid,Fall semester,2.75,Mixed,Yes,Immersion,open,No,2024-25, ,
UCEAP,Spain,Carlos III University of Madrid,Spring semester,2.75,Mixed,Yes,Immersion,open,No,2024-25, ,
UCEAP,Spain,Carlos III University of Madrid,Year,2.75,Mixed,Yes,Immersion,open,No,2024-25, ,
UCEAP,Spain,Complutense Unversity of Madrid,Fall semester,2.75,No,Yes,Immersion,open,No,2024-25, ,
UCEAP,Spain,Complutense Unversity of Madrid,Year,2.75,No,Yes,Immersion,open,No,2024-25, ,
UCEAP,Spain,Engineering and Research - Carlos III University,Summer,2.75,yes,Yes,Research,engineering,No,2024-25, ,
UCEAP,Spain,Python and Applications in Data Science - UC Center Madrid,Summer,2.50,yes,Yes,Themed,engineering,No,2024-25, ,
UCEAP,Spain,Spanish in Madrid - UC Center Madrid,Summer,2.00,No,Yes,Language,humanities,No,2024-25,name changed from L&C in 2019,
UCEAP,Spain,University of Barcelona,Fall semester,2.75,No,Yes,Immersion,open,Optional,2024-25, ,
UCEAP,Spain,University of Barcelona,Spring semester,2.75,No,Yes,Immersion,open,Optional,2024-25, ,
UCEAP,Spain,University of Barcelona,Year,2.75,No,Yes,Immersion,open,Optional,2024-25, ,
UCEAP,Spain/Italy,Sustainable Food Systems in the Mediterranean - Barcelona to Florence,Fall semester,2.50,yes,Yes,Themed,interdisciplinary,No,2024-25,"name changed from Mediterranean Politics, Food & Culture in 2022",
UCEAP,Spain/Italy,Sustainable Food Systems in the Mediterranean - Florence to Barcelona,Fall semester,2.50,yes,Yes,Themed,interdisciplinary,No,2024-25,"name changed from Mediterranean Politics, Food & Culture in 2022",
UCEAP,Sweden,Lund University,Fall semester,2.75,yes,No,Immersion,open,Optional,2024-25, ,
UCEAP,Sweden,Lund University,Spring semester,2.75,yes,No,Immersion,open,Optional,2024-25, ,
UCEAP,Sweden,Lund University,Year,2.75,yes,No,Immersion,open,Optional,2024-25, ,
UCEAP,Switzerland,Global Studies - University of Geneva,Spring Semester,3.00,Mixed,No,Discipline Focused,social science,No,2024-25,"""International"" dropped from the name in 2019",
UCEAP,Switzerland,Global Studies - University of Geneva,Spring Semester,3.00,Mixed,No,Discipline Focused,social science,Required,2024-25,"""International"" dropped from the name in 2019; students provided list of organizations",
UCEAP,Taiwan,Chinese in Taipei - National Taiwan University,Summer,2.50,Mixed,Yes,Language,humanities,No,2024-25,replacing NTNU L&C for 2020,
UCEAP,Taiwan,National Taiwan University,Fall semester,3.00,Mixed,Yes,Immersion,open,Optional,2024-25, ,
UCEAP,Taiwan,National Taiwan University,Spring semester,3.00,Mixed,Yes,Immersion,open,Optional,2024-25, ,
UCEAP,Taiwan,National Taiwan University,Year,3.00,No,Yes,Immersion,open,Optional,2024-25, ,
UCEAP,Taiwan,Research in Taipei - National Taiwan University,Summer,2.70,yes,No,Research,STEM,No,2024-25,"changed name from Lab Research, Engineering & Science in 2019",
UCEAP,Thailand,International Economics  - Thammasat University,Summer,2.85,yes,Yes,Discipline Focused,social science,No,2024-25,name changed from Development and International Economics in Southeast Asia  in 2019,
UCEAP,Thailand,Summer Internship - Bangkok,Summer,2.50,yes,Yes,Intern,open,Required,2024-25, ,
UCEAP,Thailand,Thammasat University,Fall semester,2.85,Mixed,No,Immersion,open,Optional,2024-25, ,
UCEAP,Thailand,Thammasat University,Spring semester,2.85,Mixed,No,Immersion,open,Optional,2024-25, ,
UCEAP,Thailand,Thammasat University,Year,2.85,Mixed,No,Immersion,open,Optional,2024-25, ,
UCEAP,UK-England,"Environment and Sustainability, University of East Anglia",Fall semester,2.85,yes,No,Immersion,open,No,2024-25,name changed in 2023,
UCEAP,UK-England,"Environment and Sustainability, University of East Anglia",Spring semester,2.85,yes,No,Immersion,open,No,2024-25, ,
UCEAP,UK-England,"Environment and Sustainability, University of East Anglia",Year,2.85,yes,No,Immersion,open,No,2024-25, ,
UCEAP,UK-England,Imperial College London,Year,3.00,yes,No,Immersion,open,No,2024-25, ,
UCEAP,UK-England,King's College London,Fall semester,3.30,yes,No,Immersion,open,No,2024-25, ,
UCEAP,UK-England,King's College London,Spring semester,3.30,yes,No,Immersion,open,No,2024-25, ,
UCEAP,UK-England,King's College London,Year,3.30,yes,No,Immersion,open,No,2024-25, ,
UCEAP,UK-England,London School of Economics,Year,3.30,yes,No,Immersion,open,No,2024-25, ,
UCEAP,UK-England,London's Calling - UC Center London,Fall quarter,2.00,yes,Yes,Themed,interdisciplinary,No,2024-25,added in 2021,
UCEAP,UK-England,London's Calling - UC Center London,Fall semester,2.00,yes,Yes,Themed,interdisciplinary,Optional,2024-25,"name changed from Arts, Politics, Society, & Space in 2019",
UCEAP,UK-England,Sotheby's Institute of Art,Fall semester,3.00,yes,No,Discipline Focused,humanities,Optional,2024-25, ,
UCEAP,UK-England,Sotheby's Institute of Art,Spring semester,3.00,yes,No,Discipline Focused,humanities,Optional,2024-25, ,
UCEAP,UK-England,Summer at LSE - LSE,Summer,2.85,yes,Yes,International School,open,No,2024-25,name changed from ISS in 2019,
UCEAP,UK-England,Summer at University College London - University College London,Summer,3.00,yes,Yes,International School,open,No,2024-25, ,
UCEAP,UK-England,"Summer in Cambridge - Pembroke College, Cambridge University",Summer,3.20,yes,Yes,International School,open,No,2024-25, ,
UCEAP,UK-England,"Summer in Oxford - Exeter College, Oxford University",Summer,3.30,yes,No,International School,open,No,2024-25, ,
UCEAP,UK-England,Summer in Sussex - University of Sussex,Summer,2.50,yes,Yes,International School,open,No,2024-25,name changed from ISS in 2019,
UCEAP,UK-England,Summer Study in London - Sotheby's Institute of Art,Summer,3.00,yes,Yes,Discipline Focused,humanities,No,2024-25, ,
UCEAP,UK-England,Sussex Summer Physics - University of Sussex,Summer,2.50,yes,Yes,Themed,physical science,No,2024-25,pulled out in 2022,
UCEAP,UK-England,University College London,Fall semester,3.30,yes,No,Immersion,open,No,2024-25, ,
UCEAP,UK-England,University College London,Spring semester,3.30,yes,No,Immersion,open,No,2024-25, ,
UCEAP,UK-England,University College London,Year,3.30,yes,No,Immersion,open,No,2024-25, ,
UCEAP,UK-England,University of Bristol,Fall semester,3.00,yes,No,Immersion,open,No,2024-25, ,
UCEAP,UK-England,University of Bristol,Spring semester,3.00,yes,No,Immersion,open,No,2024-25, ,
UCEAP,UK-England,University of Bristol,Year,3.00,yes,No,Immersion,open,No,2024-25, ,
UCEAP,UK-England,"University of London, Queen Mary",Fall semester,3.00,yes,No,Immersion,open,No,2024-25, ,
UCEAP,UK-England,"University of London, Queen Mary",Spring semester,3.00,yes,No,Immersion,open,No,2024-25, ,
UCEAP,UK-England,"University of London, Queen Mary",Year,3.00,yes,No,Immersion,open,No,2024-25, ,
UCEAP,UK-England,"University of London, Royal Holloway",Fall semester,3.00,yes,No,Immersion,open,No,2024-25, ,
UCEAP,UK-England,"University of London, Royal Holloway",Spring semester,3.00,yes,No,Immersion,open,No,2024-25, ,
UCEAP,UK-England,"University of London, Royal Holloway",Year,3.00,yes,No,Immersion,open,No,2024-25, ,
UCEAP,UK-England,University of Manchester,Fall semester,3.00,yes,No,Immersion,open,No,2024-25, ,
UCEAP,UK-England,University of Manchester,Spring semester,3.00,yes,No,Immersion,open,No,2024-25, ,
UCEAP,UK-England,University of Manchester,Year,3.00,yes,No,Immersion,open,No,2024-25, ,
UCEAP,UK-England,University of Sussex,Fall semester,2.80,yes,No,Immersion,open,No,2024-25, ,
UCEAP,UK-England,University of Sussex,Spring semester,2.80,yes,No,Immersion,open,No,2024-25, ,
UCEAP,UK-England,University of Sussex,Year,2.80,yes,No,Immersion,open,No,2024-25, ,
UCEAP,UK-England/France,Business and Entrepreneurship in London - UC Center London,spring semester,2.50,yes,Yes,Themed,social science,Optional,2024-25, ,
UCEAP,UK-England/France,Business and Entrepreneurship in London - UC Center London,Winter quarter,2.50,yes,Yes,Themed,social science,No,2024-25, ,
UCEAP,UK-England/France,Global Cities Urban Realities,Spring quarter,2.50,yes,Yes,Themed,interdisciplinary,No,2024-25, ,
UCLA,Argentina,Travel Study: Spanish - Taking it to the Streets in the Buenos Aires,Summer,,n/a,n/a,n/a,n/a,No,2024-25,Travel Study,
UCLA,Denmark,Travel Study: ELTS - In the Footsteps of Hans Christian Andersen,Summer,,n/a,n/a,n/a,n/a,No,2024-25,Travel Study,
UCLA,France,"Travel Study: ELTS - Exploring Sustainability in Nantes, France",Summer,,n/a,n/a,n/a,n/a,No,2024-25,Travel Study,
UCLA,Germany,Travel Study: ELTS - Diverse Berlin: Culture and Language in Context,Summer,,n/a,n/a,n/a,n/a,No,2024-25,Travel Study,
UCLA,Greece,Travel Study: History - Ancient Greece,Summer,,n/a,n/a,n/a,n/a,No,2024-25,Travel Study,
UCLA,Italy,Travel Study: Classics & History - Exploring Ancient Rome,Summer,,n/a,n/a,n/a,n/a,No,2024-25,Travel Study,
UCLA,Italy,"Travel Study: ELTS - Dante, Shakespeare, and Opera in Milan & Verona",Summer,,n/a,n/a,n/a,n/a,No,2024-25,Travel Study,
UCLA,Italy,Travel Study: English - American Writers and Artists Abroad,Summer,,n/a,n/a,n/a,n/a,No,2024-25,Travel Study,
UCLA,Japan,"Travel Study: Global Studies - Business Leadership, Communication, and Culture",Summer,,n/a,n/a,n/a,n/a,No,2024-25,Travel Study,
UCLA,Netherlands,Travel Study: Global Studies - The Global Governance of International Human Rights,Summer,,n/a,n/a,n/a,n/a,No,2024-25,Travel Study,
UCLA,Netherlands and Belgium,Travel Study: Management - International Business and Law,Summer,,n/a,n/a,n/a,n/a,No,2024-25,Travel Study,
UCLA,New Zealand,Travel Study: Social Science IDP - Social Science in Context - Understanding New Zealand,Summer,,n/a,n/a,n/a,n/a,No,2024-25,Travel Study,
UCLA,Spain,Travel Study: Spanish -  Language and Culture in Spain,Summer,,n/a,n/a,n/a,n/a,No,2024-25,Travel Study,
UCLA,Spain,Travel Study: Spanish - Spanish Language and Culture in Spain,Summer,,n/a,n/a,n/a,n/a,No,2024-25,Travel Study,
UCLA,UK-England,"Travel Study: English - London, City of Transformations",Summer,,n/a,n/a,n/a,n/a,No,2024-25,Travel Study,
UCR,Belize,"Hip Hop and the Power of Dramatic Writing | Theatre, Film, and Digital Production in Belize",Summer,,n/a,n/a,n/a,n/a,No,2024-25,Faculty Led Education Abroad Program (FLEAP),
UCR,Costa Rica,Startup Bootcamp: An International Perspective | Computer Science in Costa Rica,Summer,,n/a,n/a,n/a,n/a,No,2024-25,Faculty Led Education Abroad Program (FLEAP),
UCR,Hong Kong,Child Development: A Global Perspective Psychology in Hong Kong,Summer,,n/a,n/a,n/a,n/a,No,2024-25,Faculty Led Education Abroad Program (FLEAP),
UCR,Indonesia,"Bali & Yogya: Religion, Culture, and Nature in Indonesia",Summer,,n/a,n/a,n/a,n/a,No,2024-25,Faculty Led Education Abroad Program (FLEAP),
UCR,Italy,"Delicious Italy: Specialty Farming, Food Production, and Agriculture's Environmental Footprint in Northern Italy and Parallels to California",Summer,,n/a,n/a,n/a,n/a,No,2024-25,Faculty Led Education Abroad Program (FLEAP),
UCR,Japan,"Media and Cultural Studies in Chiba, Japan",Summer,,n/a,n/a,n/a,n/a,No,2024-25,Faculty Led Education Abroad Program (FLEAP),
UCR,Namibia,Biology and Ecology Field Studies in Namibia,Summer,,n/a,n/a,n/a,n/a,No,2024-25,Faculty Led Education Abroad Program (FLEAP),
UCR,Spain,Drugs and Crime in Barcelona | Media and Cultural Studies in Spain,Summer,,n/a,n/a,n/a,n/a,No,2024-25,Faculty Led Education Abroad Program (FLEAP),
UCR,Spain,"Linguistics in Madrid and Bilbao, Spain",Summer,,n/a,n/a,n/a,n/a,No,2024-25,Faculty Led Education Abroad Program (FLEAP),
UCR,Spain,"Madrid, Spain: Interculturalism in the Crossroads (en español)",Summer,,n/a,n/a,n/a,n/a,No,2024-25,Faculty Led Education Abroad Program (FLEAP),
UCR,UK-England,Austen and the City | English in London,Summer,,n/a,n/a,n/a,n/a,No,2024-25,Faculty Led Education Abroad Program (FLEAP),
UCR,UK-England,Computer App Development in London,Summer,,n/a,n/a,n/a,n/a,No,2024-25,Faculty Led Education Abroad Program (FLEAP),
UCR,UK-England,Downton Abbey: Popular Culture and Political Consensus - What's in Common?,Summer,,n/a,n/a,n/a,n/a,No,2024-25,Faculty Led Education Abroad Program (FLEAP),
UCR,UK-England,London Leadership Experience | Business in London,Summer,,n/a,n/a,n/a,n/a,No,2024-25,Faculty Led Education Abroad Program (FLEAP),
UCSC,Chile,Global Internship: Sociology,Summer,,Yes,n/a,n/a,n/a,Yes,2024-25,Internship,
UCSC,Colombia,University of the Andes,Fall semester,,n/a,n/a,n/a,n/a,No,2024-25,Exchange,
UCSC,Colombia,University of the Andes,Spring semester,,n/a,n/a,n/a,n/a,No,2024-25,Exchange,
UCSC,Colombia,University of the Andes,Year,,n/a,n/a,n/a,n/a,No,2024-25,Exchange,
UCSC,Denmark,Aarhus University,Fall semester,,n/a,n/a,n/a,n/a,No,2024-25,Exchange,
UCSC,Denmark,Aarhus University,Spring semester,,n/a,n/a,n/a,n/a,No,2024-25,Exchange,
UCSC,Denmark,Aarhus University,Year,,n/a,n/a,n/a,n/a,No,2024-25,Exchange,
UCSC,Denmark,Technical University of Denmark,Fall semester,,n/a,n/a,n/a,n/a,No,2024-25,Exchange,
UCSC,Denmark,Technical University of Denmark,Spring semester,,n/a,n/a,n/a,n/a,No,2024-25,Exchange,
UCSC,Denmark,Technical University of Denmark,Year,,n/a,n/a,n/a,n/a,No,2024-25,Exchange,
UCSC,France,ISARA Lyon,Fall semester,,n/a,n/a,n/a,n/a,No,2024-25,Provider: Academic Programs International (API),
UCSC,France,ISARA-Lyon,Fall semester,,n/a,n/a,n/a,n/a,No,2024-25,Exchange,
UCSC,Germany,Freie Universitat Berlin,Fall semester,,n/a,n/a,n/a,n/a,No,2024-25,Provider: International Studies Abroad (ISA),
UCSC,Germany,Freie Universitat Berlin,Spring semester,,n/a,n/a,n/a,n/a,No,2024-25,Provider: International Studies Abroad (ISA),
UCSC,Germany,Freie Universitat Berlin,Year,,n/a,n/a,n/a,n/a,No,2024-25,Provider: International Studies Abroad (ISA),
UCSC,Germany,Heidelberg University,Fall semester,,n/a,n/a,n/a,n/a,No,2024-25,Provider: International Studies Abroad (ISA),
UCSC,Germany,Heidelberg University,Spring semester,,n/a,n/a,n/a,n/a,No,2024-25,Provider: International Studies Abroad (ISA),
UCSC,Germany,Heidelberg University,Year,,n/a,n/a,n/a,n/a,No,2024-25,Provider: International Studies Abroad (ISA),
UCSC,Ireland,Global Internship: Psychology and Cognitive Science,Summer,,n/a,n/a,n/a,n/a,No,2024-25,Internship,
UCSC,Ireland,Global Seminar: Travel Writing and Podcasting in Ireland,Summer,,n/a,n/a,n/a,n/a,No,2024-25,Global Seminar,
UCSC,Italy,Global Seminar: Film History and Preservation in Bologna,Summer,,n/a,n/a,n/a,n/a,No,2024-25,Global Seminar,
UCSC,Italy,Global Seminars: Italian Culture Through Food and Language on the Amalfi Coast,Summer,,n/a,n/a,n/a,n/a,No,2024-25,Global Seminar,
UCSC,Italy,University of Padova,Spring semester,,n/a,n/a,n/a,n/a,No,2024-25,Exchange,
UCSC,Italy,University of Padova,Year,,n/a,n/a,n/a,n/a,No,2024-25,Exchange,
UCSC,Japan, Global Seminar: Mokuhanga Printmaking in Japan,Summer,,n/a,n/a,n/a,n/a,No,2024-25,Global Seminar,
UCSC,Japan,Kyoto University,Fall semester,,n/a,n/a,n/a,n/a,No,2024-25,Exchange,
UCSC,Japan,Kyoto University,Spring semester,,n/a,n/a,n/a,n/a,No,2024-25,Exchange,
UCSC,Japan,Kyoto University,Year,,n/a,n/a,n/a,n/a,No,2024-25,Exchange,
UCSC,Japan,Osaka University,Fall semester,,n/a,n/a,n/a,n/a,No,2024-25,Exchange,
UCSC,Japan,Osaka University,Spring semester,,n/a,n/a,n/a,n/a,No,2024-25,Exchange,
UCSC,Japan,Osaka University,Year,,n/a,n/a,n/a,n/a,No,2024-25,Exchange,
UCSC,Japan,Rikkyo University,Spring semester,,n/a,n/a,n/a,n/a,No,2024-25,Exchange,
UCSC,Japan,Rikkyo University,Year,,n/a,n/a,n/a,n/a,No,2024-25,Exchange,
UCSC,Japan,Sophia University,Fall semester,,n/a,n/a,n/a,n/a,No,2024-25,Exchange,
UCSC,Japan,Sophia University,Spring semester,,n/a,n/a,n/a,n/a,No,2024-25,Exchange,
UCSC,Japan,Sophia University,Year,,n/a,n/a,n/a,n/a,No,2024-25,Exchange,
UCSC,Japan,University of the Ryukus,Fall semester,,n/a,n/a,n/a,n/a,No,2024-25,Exchange,
UCSC,Japan,University of the Ryukus,Spring semester,,n/a,n/a,n/a,n/a,No,2024-25,Exchange,
UCSC,Japan,University of the Ryukus,Year,,n/a,n/a,n/a,n/a,No,2024-25,Exchange,
UCSC,Japan,University of Tokyo,Fall semester,,n/a,n/a,n/a,n/a,No,2024-25,Exchange,
UCSC,Japan,University of Tokyo,Spring semester,,n/a,n/a,n/a,n/a,No,2024-25,Exchange,
UCSC,Japan,University of Tokyo,Year,,n/a,n/a,n/a,n/a,No,2024-25,Exchange,
UCSC,Korea,Korea Advanced Institute of Science and Technology,Fall semester,,n/a,n/a,n/a,n/a,No,2024-25,Exchange,
UCSC,Korea,Korea Advanced Institute of Science and Technology,Spring semester,,n/a,n/a,n/a,n/a,No,2024-25,Exchange,
UCSC,Korea,Korea Advanced Institute of Science and Technology,Year,,n/a,n/a,n/a,n/a,No,2024-25,Exchange,
UCSC,Korea,Korea University,Fall semester,,n/a,n/a,n/a,n/a,No,2024-25,Exchange,
UCSC,Korea,Korea University,Spring semester,,n/a,n/a,n/a,n/a,No,2024-25,Exchange,
UCSC,Korea,Korea University,Year,,n/a,n/a,n/a,n/a,No,2024-25,Exchange,
UCSC,Korea,Seoul National University,Fall semester,,n/a,n/a,n/a,n/a,No,2024-25,Exchange,
UCSC,Korea,Seoul National University,Spring semester,,n/a,n/a,n/a,n/a,No,2024-25,Exchange,
UCSC,Korea,Seoul National University,Year,,n/a,n/a,n/a,n/a,No,2024-25,Exchange,
UCSC,Korea,Sungkyunkwan University,Fall semester,,n/a,n/a,n/a,n/a,No,2024-25,Exchange,
UCSC,Korea,Sungkyunkwan University,Spring semester,,n/a,n/a,n/a,n/a,No,2024-25,Exchange,
UCSC,Korea,Sungkyunkwan University,Year,,n/a,n/a,n/a,n/a,No,2024-25,Exchange,
UCSC,Norway,Norwegian University of Science and Technology,Fall semester,,n/a,n/a,n/a,n/a,No,2024-25,Exchange,
UCSC,Norway,Norwegian University of Science and Technology,Spring semester,,n/a,n/a,n/a,n/a,No,2024-25,Exchange,
UCSC,Norway,Norwegian University of Science and Technology,Year,,n/a,n/a,n/a,n/a,No,2024-25,Exchange,
UCSC,Norway,University of Bergen,Fall semester,,n/a,n/a,n/a,n/a,No,2024-25,Exchange,
UCSC,Norway,University of Bergen,Spring semester,,n/a,n/a,n/a,n/a,No,2024-25,Exchange,
UCSC,Norway,University of Bergen,Year,,n/a,n/a,n/a,n/a,No,2024-25,Exchange,
UCSC,Peru,Pontificia U Catolica del Peru,Fall semester,,n/a,n/a,n/a,n/a,No,2024-25,Provider: Academic Programs International (API),
UCSC,Peru,Pontificia U Catolica del Peru,Spring semester,,n/a,n/a,n/a,n/a,No,2024-25,Provider: Academic Programs International (API),
UCSC,Portugal,Instituto Universitario de Lisboa,Fall semester,,n/a,n/a,n/a,n/a,No,2024-25,Provider: Academic Programs International (API),
UCSC,Portugal,Instituto Universitario de Lisboa,Spring semester,,n/a,n/a,n/a,n/a,No,2024-25,Provider: Academic Programs International (API),
UCSC,South Africa,Global Internship: Psychology and Cognitive Science,Summer,,n/a,n/a,n/a,n/a,No,2024-25,Internship,
UCSC,Spain,Autonomous University of Barcelona,Fall semester,,n/a,n/a,n/a,n/a,No,2024-25,Exchange,
UCSC,Spain,Autonomous University of Barcelona,Spring semester,,n/a,n/a,n/a,n/a,No,2024-25,Exchange,
UCSC,Spain,Autonomous University of Barcelona,Year,,n/a,n/a,n/a,n/a,No,2024-25,Exchange,
UCSC,Spain,Global Seminar: Cultures of Southern Spain,Summer,,n/a,n/a,n/a,n/a,No,2024-25,Global Seminar,
UCSC,Spain,Universidad Complutense de Madrid,Fall quarter,,n/a,n/a,n/a,n/a,No,2024-25,Exchange,
UCSC,Spain,Universidad Complutense de Madrid,Spring quarter,,n/a,n/a,n/a,n/a,No,2024-25,Exchange,
UCSC,Spain,Universidad Complutense de Madrid,Winter quarter,,n/a,n/a,n/a,n/a,No,2024-25,Exchange,
UCSC,Spain,Universidad de Barcelona,Fall semester,,n/a,n/a,n/a,n/a,No,2024-25,Exchange,
UCSC,Spain,Universidad de Barcelona,Spring semester,,n/a,n/a,n/a,n/a,No,2024-25,Exchange,
UCSC,Spain,Universidad de Barcelona,Year,,n/a,n/a,n/a,n/a,No,2024-25,Exchange,
UCSC,Spain,Universidad de Granada,Fall semester,,n/a,n/a,n/a,n/a,No,2024-25,Exchange,
UCSC,Spain,Universidad de Granada,Spring semester,,n/a,n/a,n/a,n/a,No,2024-25,Exchange,
UCSC,Spain,Universidad de Granada,Year,,n/a,n/a,n/a,n/a,No,2024-25,Exchange,
UCSC,Spain,Universitat Pompeu Fabra,Fall semester,,n/a,n/a,n/a,n/a,No,2024-25,Exchange,
UCSC,Spain,Universitat Pompeu Fabra,Spring semester,,n/a,n/a,n/a,n/a,No,2024-25,Exchange,
UCSC,Spain,Universitat Pompeu Fabra,Year,,n/a,n/a,n/a,n/a,No,2024-25,Exchange,
UCSC,UK-England,University of Bristol,Fall semester,,n/a,n/a,n/a,n/a,No,2024-25,Exchange,
UCSC,UK-England,University of Bristol,Spring semester,,n/a,n/a,n/a,n/a,No,2024-25,Exchange,
UCSC,UK-England,University of Bristol,Year,,n/a,n/a,n/a,n/a,No,2024-25,Exchange,
UCSC,UK-England,University of East Anglia,Fall semester,,n/a,n/a,n/a,n/a,No,2024-25,Exchange,
UCSC,UK-England,University of East Anglia,Spring semester,,n/a,n/a,n/a,n/a,No,2024-25,Exchange,
UCSC,UK-England,University of East Anglia,Year,,n/a,n/a,n/a,n/a,No,2024-25,Exchange,
UCSC,UK-England,University of Leeds,Fall semester,,n/a,n/a,n/a,n/a,No,2024-25,Exchange,
UCSC,UK-England,University of Leeds,Spring semester,,n/a,n/a,n/a,n/a,No,2024-25,Exchange,
UCSC,UK-England,University of Leeds,Year,,n/a,n/a,n/a,n/a,No,2024-25,Exchange,
UCSC,UK-England,University of Sussex,Fall semester,,n/a,n/a,n/a,n/a,No,2024-25,Exchange,
UCSC,UK-England,University of Sussex,Spring semester,,n/a,n/a,n/a,n/a,No,2024-25,Exchange,
UCSC,UK-England,University of Sussex,Year,,n/a,n/a,n/a,n/a,No,2024-25,Exchange,
UCSD,Australia,Macquarie University,Fall semester,,n/a,n/a,n/a,n/a,n/a,2024-25,Global Exchange,
UCSD,Australia,Macquarie University,Spring semester,,n/a,n/a,n/a,n/a,n/a,2024-25,Global Exchange,
UCSD,Costa Rica,Sea Turtles and Tropical Field Ecology in Costa Rica,Summer,,n/a,n/a,n/a,n/a,n/a,2024-25,Global Seminars,
UCSD,Ecuador,Biodiversity and Evoluation of the Galapagos Islands and Mainland Ecuador,Summer,,n/a,n/a,n/a,n/a,n/a,2024-25,Global Seminars,
UCSD,Ecuador,Multiculturalism in Medieval Spain and the New World,Summer,,n/a,n/a,n/a,n/a,n/a,2024-25,Global Seminars,
UCSD,France,Ecole Polytechnique,Fall semester,,n/a,n/a,n/a,n/a,n/a,2024-25,Global Exchange,
UCSD,France,Ecole Polytechnique,Spring semester,,n/a,n/a,n/a,n/a,n/a,2024-25,Global Exchange,
UCSD,France,L'Anatomie a Paris - an Inclusive Approach,Summer,,n/a,n/a,n/a,n/a,n/a,2024-25,Global Seminars,
UCSD,France,Sign Language Studies in Paris,Summer,,n/a,n/a,n/a,n/a,n/a,2024-25,Global Seminars,
UCSD,Germany,Bauhaus-Universität Weimar,Summer,,n/a,n/a,n/a,n/a,n/a,2024-25,Global Exchange,
UCSD,Ireland,Sixth College Internships in Dublin,Summer,,n/a,n/a,n/a,n/a,n/a,2024-25,Global Seminars,
UCSD,Italy,Revelle in Rome,Summer,,n/a,n/a,n/a,n/a,n/a,2024-25,Global Seminars,
UCSD,Japan,Kyoto University,Fall semester,,n/a,n/a,n/a,n/a,n/a,2024-25,Global Exchange,
UCSD,Japan,Kyoto University,Spring semester,,n/a,n/a,n/a,n/a,n/a,2024-25,Global Exchange,
UCSD,New Zealand,"Screening New Zealand: Cinema, Globalization & CAT",Summer,,n/a,n/a,n/a,n/a,n/a,2024-25,Global Seminars,
UCSD,Puerto Rico,"People, Politics, and Power in Puerto Rico",Summer,,n/a,n/a,n/a,n/a,n/a,2024-25,Global Seminars,
UCSD,Spain,Multilingual and Multicultural Spain,Summer,,n/a,n/a,n/a,n/a,n/a,2024-25,Global Seminars,
UCSD,Spain,Social Cognition and Drugs in Spain,Summer,,n/a,n/a,n/a,n/a,n/a,2024-25,Global Seminars,
UCSD,Spain,"Spanish Memories, African Hopes, Through Literature and Film",Summer,,n/a,n/a,n/a,n/a,n/a,2024-25,Global Seminars,
UCSD,Spain,Universidad Publica de Navarra,Fall semester,,n/a,n/a,n/a,n/a,n/a,2024-25,Global Exchange,
UCSD,Spain,Universidad Publica de Navarra,Spring semester,,n/a,n/a,n/a,n/a,n/a,2024-25,Global Exchange,
UCSD,Switzerland,Geology Adventures in the Swiss Alps,Summer,,n/a,n/a,n/a,n/a,n/a,2024-25,Global Seminars,
UCSD,Switzerland,The Swiss Federal Institute of Technology in Lausanne,Fall semester,,n/a,n/a,n/a,n/a,n/a,2024-25,Global Exchange,
UCSD,Switzerland,The Swiss Federal Institute of Technology in Lausanne,Spring semester,,n/a,n/a,n/a,n/a,n/a,2024-25,Global Exchange,
UCSD,Switzerland,Zurich University of Applied Sciences,Fall semester,,n/a,n/a,n/a,n/a,n/a,2024-25,Global Exchange,
UCSD,Switzerland,Zurich University of Applied Sciences,Spring semester,,n/a,n/a,n/a,n/a,n/a,2024-25,Global Exchange,
UCSD,UK - Scotland,"Genetics, Pandemics, and Society in Edinburgh",Summer,,n/a,n/a,n/a,n/a,n/a,2024-25,Global Seminars,
UCSD,UK - Scotland,Revelle in Edinburgh,Summer,,n/a,n/a,n/a,n/a,n/a,2024-25,Global Seminars,
UCSD,UK-England,Revelle in London,Summer,,n/a,n/a,n/a,n/a,n/a,2024-25,Global Seminars,
UCSD,UK-England,University of Southampton,Fall semester,,n/a,n/a,n/a,n/a,n/a,2024-25,Global Exchange,
UCSD,UK-England,University of Southampton,Spring semester,,n/a,n/a,n/a,n/a,n/a,2024-25,Global Exchange,